mot,ACTEURS,OBJETS,LIEUX,ACTIONS
abandonner,,,,abandonner
abandonné,,,,abandonné
abandons,,,,abandons
enlevé,,,,enlevé
enlèvement,,enlèvement,,
enlèvements,,,,
Abhor,Abhor,,,
abhorré,,,,abhorré
odieuse,,,,
Abhors,,,,
Capacités,,,,
Capacité,,,,
à bord,,,,
absenté,,,,absenté
absents,,,,
absolve,absolve,,,
absolue,,,,
absolus,,,,
l'absolution,,,,
absorbé,,,,absorbé
mauvais traitements,,,,
abusés,,,,abusés
abus,,abus,,
abusives,,,,
Accepter,,,,Accepter
accepté,,,,accepté
accepter,,,,accepter
accepte,,,,accepte
accident,,accident,,
accidentelle,,,,
accidentellement,,,,
accidents,,,,
accomplir,,,,accomplir
accompli,,,,accompli
accompli,,,,accompli
Inculpation,,,,
accusations,,,,
accuser,,,,accuser
accusés,,,,accusés
accusés,,,,accusés
accusant,,,,accusant
douleur,,douleur,,
réalisables,,,,
douleur,,douleur,,
acquittement,,,,
acquittement,,,,
acquitté,,,,acquitté
Acquiescement,Acquiescement,,,
acrimonieux,,,,
actif,,,,
adéquat,,,,
admirez,,,,admirez
admiré,,,,admiré
admire,,,,admire
admirant,,,,admirant
admettre,,,,admettre
admet,,,,admet
admis,,,,admis
avertissement,,avertissement,,
avertis,,,,avertis
adopté,,,,adopté
adopte,,,,adopte
adorable,,,,
Adorez,,,,
adoré,,,,adoré
les adorateurs,,,,
avancé,,,,
avantage,,avantage,,
avantages,,,,
aventure,,aventure,,
aventures,,,,
aventureux,,,,
affectés,,,,affectés
affection,,affection,,
affectueux,,,,
affligé,,,,affligé
Affronté,,,,
peur,,peur,,
Aggravation,,,,
aggravé,,,,aggravé
Aggravations,,,,
aggravant,,,,
Agression,,,,
agressions,,,,
agressif,,,,
C'est vrai.,,,,C'est vrai.
Agonie,Agonie,,,
agonise,,,,agonise
agonisé,,,,agonisé
agonise,,,,agonise
agonisant,,,,agonisant
agoniser,,,,agoniser
agonisé,,,,agonisé
agonise,,,,agonise
agonisant,,,,agonisant
d'accord,,d'accord,,
agréable,,,,
d ' accord,,,,
accord,,accord,,
d'accord,,d'accord,,
alarme,,alarme,,
Alarmée,Alarmée,,,
alarmiste,,,,
alarmistes,,,,
Hélas,,,,
Alerte,,,,
aliénation,,aliénation,,
vivant,,,,vivant
allergique,,,,
permettre,,,,permettre
seul,,,,
étourdissements,,,,
émerveillé,,,,émerveillé
étourdissements,,,,
incroyable,,,,
ambitieux,,,,
ambivalent,,,,
Amuse-toi.,Amuse-toi.,,,
amusés,,,,amusés
Amusement,,,,
Amusements,,,,
colère,,colère,,
colères,,,,
en colère,,,,
angoisse,,angoisse,,
angoisse,,angoisse,,
animosité,,animosité,,
ennuyeuse,,,,
l'ennui,,,,
ennuyé,,,,ennuyé
ennuyant,,,,
Les ennuis,,,,
antagonistes,,,,
"contre la torture et autres peines ou traitements cruels, inhumains ou dégradants",,,,
Prévoir,,,,Prévoir
anxiété,,anxiété,,
anxieuse,,,,
apathique,,,,
apathie,,apathie,,
C'est de l'apesanteur.,,,,
apocalyptique,,,,
s'il vous plaît,,,,s'il vous plaît
excusés,,,,excusés
s'excuse,,,,s'excuse
s'excuser,,,,s'excuser
Excuse-moi.,Excuse-moi.,,,
Excusés,,,,
s'excuse,,,,s'excuse
s'excuser,,,,s'excuser
excuses,,,,
consterné,,,,consterné
C'est épouvantable.,,,,
un peu d'apaisement,,,,
apaisé,,,,
s'il vous plaît,,,,s'il vous plaît
s'apaiser,,,,s'apaiser
applaudir,,,,applaudir
applaudis,,,,applaudis
applaudissant,,,,applaudissant
applaudit,,,,applaudit
applaudissements,,,,
Merci d'avoir apprécié,,,,Merci d'avoir apprécié
apprécié,,,,apprécié
apprécie,,,,apprécie
reconnaissant,,,,reconnaissant
Évaluation,,,,
appréhensif,,,,
Agrément,,,,
approuvé,,,,approuvé
approuve,,,,approuve
ardemment,,,,
arrestation,,arrestation,,
arrêté,,,,
arrestations,,,,
arrogant,,,,
shame,,,,
honteux,,,,
cul,,,,
assassinat,,assassinat,,
assassinats,,,,
actif,,,,
Actifs,,,,
"C'est quoi, ce bordel ?",,,,"C'est quoi, ce bordel ?"
trou du cul,,,,
étonnés,,,,étonnés
stupéfiant,,,,
stupéfait,,,,stupéfait
stupéfiant,,,,
Stupéfiant,,,,Stupéfiant
des astuces,,,,
attaque,,attaque,,
attaqué,,,,attaqué
attaquer,,,,attaquer
attaques,,,,
attirer,,,,attirer
attirés,,,,attirés
Attirer,,,,Attirer
attraction,,attraction,,
attractions,,,,
attire,,,,attire
Audacieux,,,,
Autorité,,,,
Avertissement,Avertissement,,,
averti,,,,averti
avertis,,,,avertis
avid,,,,
éviter,,,,éviter
évité,,,,évité
évite,,,,évite
attendre,,,,attendre
attendu,,,,attendu
attend,,,,attend
pour l ' octroi de l ' indemnité,,,,
décerné,,,,décerné
Prix,,,,
génial,,,,
C'est affreux.,,,,
embarrassant,,,,embarrassant
hache,,hache,,
Axé,Axé,,,
soutenu,,,,soutenu
Soutien,,,,
dos,,dos,,
Mauvais,,,,
badasse,,,,
- C'est grave.,,,,
Mise en liberté sous caution,,,,
bambouzle,,,,
en bambouzled,,,,
bambous-zilles,bambous-zilles,,,
interdiction,,interdiction,,
bannir,,,,bannir
failli,,,,failli
banquier,,banquier,,
interdite,,,,interdite
Marché conclu,,,,Marché conclu
barrière,,barrière,,
Bâtard,Bâtard,,,
Salopes,Salopes,,,
bataille,,bataille,,
batailles,,,,
battus,,,,battus
béatifique,,,,
coups et blessures,,,,
beautés,,,,
belle,,,,
magnifiquement,,,,
embellir,,,,embellir
petit,,,,
diminués,,,,diminués
bien-aimés,,,,
prestation,,prestation,,
avantages sociaux,,,,
bénéficié d'une aide,,,,bénéficié d'une aide
en faveur de l'Union européenne,en faveur de l'Union européenne,,,
en cas d'apparition d'une maladie,,,,
endeuillés,,,,
boreaux,,,,
endeuillement,,,,
le meilleur,,,,
trahir,,,,
trahison,,trahison,,
trahi,,,,trahi
trahir,,,,
trahit,,,,trahit
mieux,,,,
partialité,,,,
biaisé,,,,
gros,,,,
Salope,Salope,,,
Salopes,Salopes,,,
Amère,,,,
Amèrement,Amèrement,,,
bizarre,,,,
bla bla,,,,
blâme,blâme,,,
blâmé,,,,blâmé
blâmes,,,,
blâme,blâme,,,
bénir,,,,bénir
bénit,,,,bénit
bénédiction,,bénédiction,,
aveugle,,,,
béatitude,,béatitude,,
Bénédiction,,,,
d'une teneur en poids de matières grasses égale ou supérieure à 50 % en poids,,,,
bloc,,bloc,,
blockbuster,,,,
bloqué,,,,bloqué
blocage,,blocage,,
blocs,,,,
sanglant,,,,sanglant
flou,,flou,,
orgueilleux,,,,
gras,,,,
hardiment,,,,
bombe,,bombe,,
Coup de pouce,,,,
boosté,,,,boosté
stimuler,,,,stimuler
Coups de pouce,,,,
l'ennui,,,,
s'ennuyer,,,,s'ennuyer
ennuyant,,,,
ennuie-toi.,,,,ennuie-toi.
ennuyé,,,,ennuyé
ennuis,,,,
C'est gênant.,,,,C'est gênant.
boycottage,,boycottage,,
boycotté,,,,boycotté
boycottage,,boycottage,,
boycotts,,,,
lavage de cerveau,,,,
courageux,,,,
percée,,percée,,
à couper le souffle,,,,à couper le souffle
pour pots-de-vin,,,,
lumineux,,,,
Les plus brillants,,,,
luminosité,,luminosité,,
brillant,,,,
vif,,,,
cassé,,,,
cassé,,,,
couvées,,,,
outrage à l'ordre public,,,,
Des conneries,,,,
outrage à la pudeur,,,,
brimades,,,,
pulvérulent,,,,
flottant,,,,
charge,,charge,,
dont la charge est,,,,
la charge de travail,,,,
charges,,,,
calme,,,,
calmé,,,,calmé
calmant,,,,calmant
calmes,,,,
Je ne supporte pas.,,,,Je ne supporte pas.
annuler,,,,annuler
annulé,,,,annulé
annuler,,,,annuler
annule,,,,annule
cancer,,cancer,,
capable,,,,
captivé,,,,captivé
soins de santé,,,,
insouciants,,,,
Faites attention.,,,,
avec précaution,,,,
négligents,,,,
soins,,,,
Encaissement,,,,
Victimes,,,,
catastrophe,,catastrophe,,
catastrophique,,,,
prudent,,,,
fêter,,,,fêter
fêté,,,,fêté
Célébrations,,,,
Célébration,,,,
Censeur,,,,
censuré,,,,censuré
Censeurs,Censeurs,,,
certains,,,,
chagrine,,,,
chagrinés,,,,
défi à relever,,,,défi à relever
hasard,,hasard,,
probabilités,,,,
chaos,,chaos,,
chaotique,,,,
facturés,,,,facturés
Frais,,,,
charme,,charme,,
charmant,,,,
Sans charme,,,,
chasteté,,chasteté,,
châtié,,,,châtié
châtes,,,,
châtiant,,,,châtiant
triche,,,,
triché,,,,
tricheur,,tricheur,,
tricheurs,,,,
tricheurs,,,,
"Salut, mon Dieu.","Salut, mon Dieu.",,,
acclamé,,,,acclamé
joyeux,,,,
les applaudissements,,,,
impitoyable,,,,
joies,,,,
Heureux.,,,,
chérie,,,,
chéris,,,,
chéries,,,,
chérissant,,,,chérissant
chic,,,,
enfantins,,,,
refroidissement,,refroidissement,,
étouffement,,,,
étouffé,,,,étouffé
étourdissements,,,,
étouffement,,,,
clarifie,,,,clarifie
clarté,,clarté,,
choc,,choc,,
classe,,classe,,
Nettoyer,,,,Nettoyer
Nettoyeur,,,,
C'est clair.,,,,
Éliminé,,,,Éliminé
clairement,,,,
C'est bon.,,,,
Intelligent,,,,
nuageux,,,,
Sans indice,,,,
Coq,,,,
Enfoiré de coqs,,,,
Enculés de bites,,,,
C'est cocu.,,,,
sous la contrainte,,,,
effondrement,,effondrement,,
effondré,,,,effondré
effondrements,,,,
s'effondrer,,,,s'effondrer
collision,,collision,,
collisions,,,,
collisions,,,,
collision,,collision,,
collisions,,,,
de collusion,,,,
Lutte contre la traite des êtres humains,,,,
les combats,,,,
comédie,,comédie,,
confort,,confort,,
confortable,,,,
réconfortant,,,,
conforts,,,,
féliciter,,,,féliciter
félicités,,,,félicités
commit,,,,commit
engagement,,engagement,,
commits,,,,commits
engagés,,,,engagés
s'engager,,,,s'engager
compassion,,compassion,,
contrainte,,contrainte,,
compétent,,,,
concurrence,,concurrence,,
complaisant,,,,complaisant
se plaindre,,,,se plaindre
plainte,,plainte,,
se plaint,,,,se plaint
globale,,,,
conciliant,,,,conciliant
conciliées,,,,conciliées
conciliants,,,,
conciliant,,,,conciliant
condamner,,,,condamner
Condamnation,,,,
condamné,,,,condamné
condamne,,,,condamne
confiance,,confiance,,
confiance en soi,,,,
conflit,,conflit,,
conflit,,conflit,,
conflit,,conflit,,
conflits armés,,,,
confusion,,confusion,,
confusion,,confusion,,
confusion,,confusion,,
félicitations,,félicitations,,
Félicitations,,,,
félicitations,,félicitations,,
Félicitations,,,,
consentement,,consentement,,
consentements,,,,
consolable,,,,
conspiration,,conspiration,,
contrainte,,contrainte,,
contagion,,contagion,,
contagions,,,,
contagieux,,,,
outrage,,outrage,,
outrageux,,,,
mépriseusement,,,,
soutenir,,,,soutenir
prétendant,,,,prétendant
concurrence,,concurrence,,
litigieux,,,,
contestable,,,,
controverse,,controverse,,
controverséement,,,,
convaincre,,,,convaincre
Convaincus,Convaincus,,,
convainc,,,,convainc
de convivialité,,,,
frais,,frais,,
Des trucs cool,,,,
coincés,,,,coincés
cadavre,,cadavre,,
coûteux,,,,
courage,,courage,,
courageux,,,,
courtois,,,,
courtoisie,,,,
Couverture,,,,
lâche,,,,lâche
lâcheté,lâcheté,,,
Cozyness,Cozyness,,,
crampe,,crampe,,
C'est de la merde.,,,,
accident,,accident,,
C'est plus fou.,,,,
C'est le plus fou.,,,,
C'est fou.,,,,
créatif,,,,
crestfallen,crestfallen,,,
pleuré,,,,pleuré
cris,,,,
la criminalité,,,,
Délinquants,,,,
criminels,,,,
crise,,crise,,
critique,,,,
critiques,,,,
critique,,,,
critiqués,,,,critiqués
critique,,,,
critiquer,,,,critiquer
critiques,,,,
cruel,,,,
cruauté,,cruauté,,
écrasement,,,,
broyés,,,,broyés
écrasements,,,,
concassage,,,,
pleurer,,,,pleurer
pleurant,,,,pleurant
Connasse,Connasse,,,
curieux,,,,
malédiction,,malédiction,,
Couper,,,,
mignon,,,,
coupes,,,,
Découpe,,,,
cynique,,,,
cynique,,,,
cynisme,,cynisme,,
Dommages,,,,
dommages-intérêts,,,,
C'est pas vrai.,,,,
Damnés,,,,
Nom d'un chien,,,,
danger,,danger,,
oostdevil,,,,
osé,,,,osé
les plus foncés,,,,
obscurité,,obscurité,,
impitoyable,,,,
mort,,mort,,
dans l ' impasse,,,,
assourdissement,,,,
Chère,,,,
Chère,,,,
décès,,décès,,
debonair,,,,
dette,,dette,,
tromperie,,tromperie,,
tromperie,,tromperie,,
tromper,,,,tromper
trompés,,,,trompés
tromperies,,,,
tromperie,,tromperie,,
La tromperie,,,,
décisif,,,,
dédié,,,,
vaincu,,,,vaincu
Défaut,,,,
défauts,,,,
défenseur,,défenseur,,
défenseurs des droits de l ' homme,,,,
sans défense,,,,
ajourner,,,,ajourner
Report de l ' exécution,,,,
défiant,,,,défiant
déficit,,déficit,,
Dégradation,,,,
dégradé,,,,
dégradations,,,,
déshumaniser,,,,déshumaniser
déshumanisé,,,,déshumanisé
déshumanisants,,,,
déshumanisation,,,,
Déjecter,,,,
déjecté,,,,
Déjection,,,,
Déjects,Déjects,,,
retard,,retard,,
retard,,retard,,
délice,,,,
enchanté,,,,enchanté
délices,,,,
délices,,,,
demande,,,,demande
demandé,,,,demandé
exigeant,,,,exigeant
demande,,,,demande
démonstration,,démonstration,,
démoralisée,,,,démoralisée
refusé,,,,refusé
dentier,,,,
les dénonciateurs,,,,
nie,,,,nie
dénoncer,,,,dénoncer
dénonce,,,,dénonce
nier,,,,nier
en niant,,,,en niant
dépression,,dépression,,
déprimant,,,,déprimant
dérailleur,,,,
déraillés,,,,
déraillements,,,,
Déridez-vous,,,,
dérisoires,,,,
Dérivés,,,,
Débarquement,Débarquement,,,
dérision,,dérision,,
souhaitable,,,,
désir,,désir,,
désiré,,,,
Désireux,,,,
désespoir,,,,désespoir
désespérant,,,,désespérant
des désespoirs,,,,
désespérément,,désespérément,,
désespérément,,désespérément,,
destinataires,,,,
détruire,,,,détruire
détruit,,,,détruit
détruisant,,,,détruisant
détruit,,,,détruit
destruction,,destruction,,
destructeurs,,,,
détaché,,,,
Détention,,,,
Détenus,,,,
Détention,,,,
déterminée,,,,déterminée
devastate,,,,
dévastés,,,,dévastés
dévastatrice,,,,dévastatrice
consacrée,,,,consacrée
diamant,,diamant,,
bite,,bite,,
tête de bite,,,,
mort,,mort,,
mort,,mort,,
difficile,,,,
différent,,,,
dilemme,,dilemme,,
C'est pas vrai.,,,,
- C'est pas vrai.,,,,
C'est terrible.,,,,
la saleté,,,,
plus sale,,,,
les plus sales,,,,
C'est sale.,,,,
invalidation,,,,
désavantage,,désavantage,,
défavorisé,,,,défavorisé
disparaître,,,,disparaître
disparu,,,,disparu
disparaît,,,,disparaît
décevoir,,,,décevoir
déçu,,,,déçu
décevant,,,,
déception,,déception,,
déceptions,,,,
les déceptions,,,,
catastrophe,,catastrophe,,
catastrophes naturelles,,,,
désastreux,,,,
N'est-ce pas ?,,,,
Jetez-le.,Jetez-le.,,,
rejetés,,,,rejetés
Rejets,,,,
déchets,,déchets,,
Disconsolation,,,,
disconsolation,,,,
mécontent,,,,mécontent
discorde,,,,discorde
Montant actualisé,,,,Montant actualisé
découragé,,,,découragé
discrédité,,,,discrédité
dédain,,dédain,,
la honte,,,,
déshonorés,,,,déshonorés
déguisement,,déguisement,,
déguisés,,,,déguisés
déguisements,,,,
déguisant,,,,déguisant
dégoûtant,,,,
dégoûtés,,,,dégoûtés
dégoûtant,,,,
découragé,,,,découragé
malhonnête,,,,
désillusionnés,,,,désillusionnés
succinctement,,,,
disjoints,,,,
n'aime pas,,,,n'aime pas
"lombal, lombal, lombal, lombal, lombal, lombal, lombal, lombal, lombal, lombal, lombal, lombal, lombal, lombal, lombal, lombal, lombal, lombal, lombal, lombal, lombal, lombal, lombal, lombal, lombal, lombal, lombal, lombal, lombal,",,,,"lombal, lombal, lombal, lombal, lombal, lombal, lombal, lombal, lombal, lombal, lombal, lombal, lombal, lombal, lombal, lombal, lombal, lombal, lombal, lombal, lombal, lombal, lombal, lombal, lombal, lombal, lombal, lombal, lombal,"
consterné,,,,consterné
Affections du système nerveux,,,,
désorganisé,,,,désorganisé
désorientée,,,,
dépeuplement,,,,
dépréciés,,,,dépréciés
disparates,,,,
dépeuplement,,,,
déplaisir,,,,
différend,,,,
litigieux,,,,
différends,,,,
la contestation,,,,
disqualifié,,,,disqualifié
"Le problème, c'est qu'il n'y a pas de problème.",,,,"Le problème, c'est qu'il n'y a pas de problème."
oubli,,oubli,,
non pris en considération,,,,non pris en considération
oubliant,,,,oubliant
oublis,,,,
manque de respect,,,,manque de respect
irrespectueux,,,,
Perturbation,,,,
Perturbations,,,,
perturbateur,,perturbateur,,
insatisfait,insatisfait,,,
fausse,,,,
déformé,,,,déformé
déformage,,,,
déforme,,,,
Distraire,Distraire,,,
distrait,,,,distrait
distraction,,,,
Les distractions,,,,
détresse,,détresse,,
affligé,,,,affligé
détresses,,,,
affligeant,,,,affligeant
défiance,,défiance,,
méfiant,,,,
Perturbation,,,,
perturbé,,,,perturbé
dérangeant,,,,dérangeant
dérangement,,dérangement,,
Dithering,,,,
étourdissements,,,,
les mesures d'esquive,,,,
C'est un peu d'escroquerie.,,,,
ne fonctionne pas,,,,ne fonctionne pas
doloreux,,,,
n'aime pas,,,,n'aime pas
mort,,mort,,
condamné,,,,condamné
doute,,doute,,
douteux,,,,
douteux,,,,
doute,,doute,,
doutes,,,,
Dégonflé,,,,
sac à dos,,,,
downcast,,,,
d'un cœur débordé,,,,d'un cœur débordé
à l'envers,,,,
Traîner,,,,Traîner
traînée,,,,
traînées,,,,
égouttés,,,,égouttés
Crainte,,,,
redouté,,,,redouté
C'est terrible.,,,,
redoutant,,,,redoutant
Rêve,,,,
rêves,rêves,,,
dreary,,,,
Dropy,,,,
chute,,chute,,
noyé,,,,noyé
noyés,,,,noyés
noyés,,,,noyés
ivre,,,,
douteux,,,,
d'une valeur n'excédant pas 50 % du prix départ usine du produit,,,,d'une valeur n'excédant pas 50 % du prix départ usine du produit
terne,,,,
Imbécile,Imbécile,,,
Imbécile,Imbécile,,,
dépotoir,,,,dépotoir
faisant l'objet d'un dumping,,,,faisant l'objet d'un dumping
décharges,,,,
Duppé,,,,
Dumped,,,,
dysfonctionnement,,dysfonctionnement,,
Avide,,,,
sérieux,,,,
facilité,,,,
facile,,,,
extatique,,,,
L'industrie de l'Union européenne,L'industrie de l'Union européenne,,,
"A l'heure actuelle, l'industrie de l'Union européenne a connu une forte croissance de l'industrie de l'Union européenne et de l'industrie de l'Union européenne.","A l'heure actuelle, l'industrie de l'Union européenne a connu une forte croissance de l'industrie de l'Union européenne et de l'industrie de l'Union européenne.",,,"A l'heure actuelle, l'industrie de l'Union européenne a connu une forte croissance de l'industrie de l'Union européenne et de l'industrie de l'Union européenne."
efficace,,,,
efficace,,,,
plébiscité,,,,plébiscité
l'allégeance,,,,
élégant,,,,
élégamment,,,,
embarrassant,,,,embarrassant
embarrassé,,,,embarrassé
embarrasse,,,,
embarrassant,,,,embarrassant
embarrassement,,,,
embusqués,,,,embusqués
embrasser,,,,embrasser
urgence,,urgence,,
empathique,,,,
vide,,vide,,
vide,,vide,,
enchanté,,,,enchanté
encourager,,,,encourager
encouragés,,,,encouragés
l'encouragement,,,,
encourage,,,,encourage
approuver,,,,approuver
approuvé,,,,approuvé
a) Attestation,,,,a) Attestation
approuve,,,,approuve
ennemis,,,,
ennemi,,ennemi,,
énergétique,,,,
s'engager,,,,s'engager
s'engage,,,,s'engage
engrais,,engrais,,
Profitez-en,,,,Profitez-en
Appréciation,,,,
se réjouit,,,,se réjouit
illuminée,,,,illuminée
éclairé,,,,éclairé
Illumination,,,,
illuminées,,,,illuminées
Ennui,,,,
Enrage,,,,
furieuse,,,,
enrages,enrages,,,
enragées,,,,
encapture,,,,
enslave,,,,
asservi,,,,asservi
enslaves,,,,
veiller à ce que,,,,veiller à ce que
en veillant à ce que,,,,en veillant à ce que
entreprenants,,,,
divertissant,,,,
enthral,,,,
enthousiaste,,enthousiaste,,
intitulé,,,,intitulé
confiée,,,,confiée
envies,,,,
envieux,,,,
envie,,envie,,
envieuse,,,,
Erreur,,,,
erreur,,erreur,,
erreurs,,,,
Échappement,,,,
évasions,,,,
Échapper,,,,Échapper
estimés,,,,
éthique,,,,
euphorie,,euphorie,,
euphorique,,,,
expulsion,,expulsion,,
le mal,,,,
Exagération,,,,
exagéré,,,,
exagérations,,,,
Exagération,,,Exagération,
exaspéré,,,,
excellence,,excellence,,
Excellent,,,,
Excite,,,,Excite
excité,,,,
excitation,,excitation,,
excitant,,,,
exclure,,,,exclure
exclus,,,,exclus
exclusion,,exclusion,,
exclusif,,,,
Excuse-moi.,Excuse-moi.,,,
Exempt,,,,
épuisé,,,,épuisé
exaltés,,,,exaltés
exaltants,,,,
exaltant,,,,exaltant
exonéré,,,,exonéré
exonérés,,,,exonérés
exonérés,,,,exonérés
exonérant,,,,exonérant
élargir,,,,élargir
élargit,,,,élargit
expulser,,,,expulser
expulsés,,,,expulsés
expulsement,,,,
expulsements,,,,
de l ' exploitation des ressources,,,,
exploités,,,,
de l ' exploitation des ressources,,,,
Exploitations,,,,
et de l ' exploration,,,,
des activités d ' exploration,,,,
exposer,,,,exposer
exposée,,,,exposée
expose,,,,expose
exposé,,exposé,,
Prolongation,,,,
s'étend,,,,s'étend
exubérant,,,,
exultant,,,,exultant
exultant,,,,exultant
fabuleux,,,,
mode,,mode,,
pédé,,pédé,,
Fraggot,,,,
Poufs,Poufs,,,
Échec,,,,
échoué,,,,échoué
Échec,,,,
échoue,,,,échoue
Défaut,,,,
défaillances,,,,
évanouissement,,évanouissement,,
équitable,,,,
la foi,,,,
Fidèles,,,,
faux,,,,
faux,,,,
ficelle,,ficelle,,
tombé,,,,tombé
chute,,chute,,
falsifiés,,,,falsifiés
falsifier,,,,falsifier
célébrité,,célébrité,,
Ventilateur,,,,
Fantastique,,,,
farce,,,,
fascinée,,,,fascinée
fasciné,,,,fasciné
fascinés,,,,fascinés
fascinant,,,,fascinant
fasciste,,,,
fascistes,,,,
Décès,Décès,,,
fatalité,,fatalité,,
fatigue,,fatigue,,
fatigué,,,,
fatigues,,,,
Pâturage,,,,
faveur,,faveur,,
faveurs,,,,
favori,,favori,,
favorid,,,,favorid
favoris,,,,
faveurs,,,,
peur,,peur,,
peureux,,,,
peur,,peur,,
sans peur,,,,
peureux,,,,
J'en ai assez.,,,,J'en ai assez.
faible,,,,
sensation,,sensation,,
Délits,,,,
Délits,,,,
Fervent,Fervent,,,
fervide,,,,
festive,,,,
Fiasco,,,,
Fidgety,Fidgety,,,
Lutte,Lutte,,,
Très bien.,,,,
Feu,,,,
Tiré,Tiré,,,
tir,,tir,,
en forme,,,,
conditionnement physique,,,,
amiral,amiral,,,
fuit,,,,fuit
"C'est bon, c'est bon, c'est bon, c'est bon, c'est bon, c'est bon, c'est bon, c'est bon, c'est bon, c'est bon, c'est bon, c'est bon, c'est bon, c'est bon, c'est bon, c'est bon, c'est bon, c'est bon, c'est bon, c'est bon, c'est bon, c'est bon, c'est bon, c'est bon, c'est bon, c'est bon, c'est bon, c'est bon, c'est bon, c'est bon, c'est bon, c'est bon, c'est bon, c'est bon, c'est bon, c'est bon, c'est bon, c'est bon, c'est bon, c'est bon, c'est bon, c'est bon, c'est bon, c'est bon, c'est bon, c'est bon, c'est bon, c'est bon, c'est bon,",,,,
Les flops,,,,
Grippe,,,,
hystériques,,,,
focalisé,,,,focalisé
Œufs,,,,
la tendresse,,,,
Imbécile,Imbécile,,,
Crétin,Crétin,,,
Imbéciles,,,,
forcé,,,,forcé
forclusion,,,,
les saisies,,,,
oublier,,,,oublier
Oubliés,,,,Oubliés
pardonne,,,,pardonne
Pardonner,,,,Pardonner
oublié,,,,oublié
Heureusement,,,,
frénétique,,,,
fraude,,fraude,,
fraudes,,,,
fraudeur,,,,
fraudeurs,,,,
fraude,,fraude,,
frauduleux,,,,
gratuit,,gratuit,,
liberté,,liberté,,
Frénésie,,,,
frais,,frais,,
amical,,,,
peur,,peur,,
peur,,peur,,
effrayant,,,,
friandises,,,,
C'est pas vrai.,,,,
froncement,,froncement,,
frustré,,,,
frustré,,,,
frustrés,,,,
frustrant,,,,
frustration,,frustration,,
Ftw,,,,
Merde !,,,,
baisée,,,,baisée
Espèce d'enfoiré.,,,,
enculés,,,,enculés
putain de visage,,,,
Imbécile,Imbécile,,,
putain,,putain,,
"C'est quoi, ce bordel ?",,,,"C'est quoi, ce bordel ?"
Fud,Fud,,,
fumées,,,,
Fumer,,,,
remplir,,,,remplir
satisfait,,,,
Réalisations,,,,
la fumure,,,,
amusant,,,,
obsèques,,obsèques,,
enterrements,,,,
Funky,Funky,,,
plus drôle,,,,
drôle,,drôle,,
furieuse,,,,
futile,,,,
Bâillon,,,,
bâillonné,,,,bâillonné
gain,,gain,,
gagnés,,,,gagnés
gagner,,,,gagner
gains,,,,
galant,,,,
galantement,,,,
la galanterie,,,,
généreux,,,,
génie,,génie,,
fantôme,,fantôme,,
C'est pas vrai.,,,,
cadeau,,cadeau,,
heureux,,,,
glamour,,,,
glamour,,,,
joie,,joie,,
glorieuse,,,,
Légèreté,,,,
Lugubre,,,,
glorieuse,,,,
gloire,,gloire,,
glum,glum,,,
Dieu,Dieu,,,
C'est pas vrai.,,,,
La fin des dieux,,,,
Bonne,,,,
Mon Dieu.,Mon Dieu.,,,
grâce,,grâce,,
C'est gentil.,,,,
Très bien.,,,,
Aide financière,,,,
accordée,,,,accordée
l'octroi de l'aide,,,,
bourses d'études,,,,
reconnaissant,,,,reconnaissant
gratification,,,,
tombe,,,,tombe
gris,,,,
Génial.,,,,
plus élevé,,,,
le plus grand,,,,
cupidité,,cupidité,,
cupide,,,,
Lavage vert,,,,
lavage vert,,,,
l'eau verte,,,,
lave-vaisselle vert,,,,
lave-glaces,,,,
le lavage vert,,,,
Accueil,,,,
accueillis,,,,accueillis
salutation,,salutation,,
salutations,,,,
salutations,,,,
gris,,,,
chagrin,,chagrin,,
dans le cas d ' un cas de deuil,,,,
Montant brut,,,,
croissance,,croissance,,
croissance,,croissance,,
garantie,,garantie,,
culpabilité,,culpabilité,,
coupable,,,,
cylindrée,,,,
crédule,,,,
arme à feu,,,,
hé,,,,hé
piraté,,,,piraté
Haha,Haha,,,
Hahaha,Hahaha,,,
HAHAHAH,,,,
Grêle,,,,
grêlé,,,,
sans asphalte,,,,sans asphalte
"n'ayant pas atteint l'âge de 12 ans,",,,,"n'ayant pas atteint l'âge de 12 ans,"
bonheur,,bonheur,,
heureux,,,,
dur,,,,
plus dur,,,,
difficultés rencontrées,,,,difficultés rencontrées
robuste,,,,
Dommages,,,,
Blessé,,,,Blessé
nocive,,,,
endommagement,,,,
Dommages,,,,
harcelé,,,,harcelé
dures,,,,
Plus sévère,,,,
C'est le plus dur.,,,,
La haine,,,,
Détesté,Détesté,,,
Les haïsseurs,,,,
La haine,,,,
haïssement,,,,
hantement,,,,
hanté,,,,hanté
hantement,,,,
hantés,,,,hantés
des ravages,,,,
en bonne santé,,,,
déchirement du cœur,,,,
coeur brisé,,,,coeur brisé
sincère,,,,
ciel,,ciel,,
céleste,,,,
coeur lourd,,,,
Qu'est-ce qu'il y a ?,,,,Qu'est-ce qu'il y a ?
Aide,,,,
utile,,,,
aider,,,,aider
sans défense,,,,
aide,,aide,,
héros,,héros,,
héros,,héros,,
héroïque,,,,
hésitant,,,,hésitant
hésitation,,hésitation,,
caché,,,,caché
cache-toi,cache-toi,,,
cache-cache,cache-cache,,,
Se cacher,,,,Se cacher
mise en évidence,,,,
hilarant,,,,hilarant
empêchement,,,,
Le canular,,,,
Le mal du pays,,,,
honnête,,,,
honneur,,honneur,,
honoré,,,,honoré
en l ' honneur,,,,
honneur,,honneur,,
honoré,,,,honoré
de l ' honneur,,,,
Hooligan,Hooligan,,,
hooliganisme,,hooliganisme,,
les hooligans,,,,
espoir,,espoir,,
Espérons,,,,Espérons
Espérons,,,,Espérons
désespérément,,désespérément,,
Espérance,,,,
l'espoir,,,,
dans l ' espoir,,,,
C'est affreux.,,,,
horrible,,,,
horrible,,,,
horrifié,,,,horrifié
hostile,,,,
C'est pas vrai.,,,,
Câlin,Câlin,,,
énorme,,,,
Câlins,,,,
huméreux,,,,
humilié,,,,humilié
humiliation,,humiliation,,
humour,,humour,,
humoristique,,,,
humour,,humour,,
humoristique,,,,
faim,,faim,,
hoprah,hoprah,,,
blessé,,,,blessé
Blessures,,,,
Blessures,,,,
hypocrite,hypocrite,,,
hystérie,,hystérie,,
hystérique,,,,
hystérique,,,,
Imbécile,Imbécile,,,
Imbécile,Imbécile,,,
ignorance,,ignorance,,
ignorant,,,,ignorant
Ignorer,,,,Ignorer
ignoré,,,,ignoré
ignore,,,,ignore
malade,,,,
illégale,,,,
analphabétisme,,,,
maladie,,maladie,,
maladies,,,,
Imbécile,Imbécile,,,
immobilisé,,,,immobilisé
immortel,,,,
immunitaire,,,,
impatient,,impatient,,
imparfait,,,,
importance,,importance,,
important,,,,
imposer,,,,imposer
imposée,,,,imposée
impose,,,,impose
imposant,,,,imposant
impotent,,,,impotent
impressionner,,,,impressionner
impressionné,,,,impressionné
impressionne,,,,impressionne
impressionnant,,,,
emprisonnés,,,,emprisonnés
améliorer,,,,améliorer
amélioré,,,,amélioré
amélioration,,amélioration,,
améliore,,,,améliore
l ' amélioration,,,,
incapacité,,incapacité,,
inaction,,inaction,,
insuffisant,,,,
incapable,,,,
inapte,,,,
encensés,,,,encensés
incompétence,,,,
incompétent,,,,
sans considération,,,,
Inconvénients,,,,
incommode,,,,
augmentation,,augmentation,,
augmenté,,,,augmenté
indécis,,,,
indestructible,,,,
indifférence,,,,
indifféremment,,,,
indigné,,,,indigné
indignation,,indignation,,
endoctrine,,,,
endoctrinement,,,,
endoctrines,,,,
endoctrinement,,,,
inefficace,,,,
inefficacement,,,,
en matières grasses,,,,
engourdissement,,engourdissement,,
infectés,,,,infectés
inférieur,,,,
enflammé,,,,enflammé
influence,,influence,,
Infraction,,Infraction,,
"autres, contenant en poids plus de 85 % en poids de matières textiles, d'une teneur en poids de matières textiles ou d'une teneur en poids de matières textiles, d'une teneur en poids de matières textiles, d'une teneur en poids de matières textiles ou d'une teneur en poids de matières textiles",,,,"autres, contenant en poids plus de 85 % en poids de matières textiles, d'une teneur en poids de matières textiles ou d'une teneur en poids de matières textiles, d'une teneur en poids de matières textiles, d'une teneur en poids de matières textiles ou d'une teneur en poids de matières textiles"
en fer ou en acier,,,,
les furiacés,,,,
et de l ' alimentation,,,,
inhiber,,,,inhiber
blessé,,,,blessé
Blessure,,,,
l'injustice,,,,
innover,,,,innover
innove,,,,innove
l'innovation,,,,
innovant,,,,
enquêté,,,,
Inquisitif,,,,
fous,,,,
insanité,,,,
Insûreté,Insûreté,,,
insensible,,,,
insensibilité,,,,
insignifiant,,,,
Insipide,Insipide,,,
l'inspiration,,,,
Inspiration,,,,
Inspirer,,,,Inspirer
inspiré,,,,inspiré
est source d'inspiration,,,,
inspirant,,,,inspirant
insulte,,insulte,,
insulté,,,,insulté
insultant,,,,
insultes,,,,
intact,,,,
intégrité,,intégrité,,
intelligent,,,,
intense,,,,
Intérêts,,,,
intéressé(e),,,,intéressé(e)
intéressant,,,,
Intérêts,,,,
interrogés,,,,
interrompre,,,,interrompre
interrompu,,,,interrompu
interruption,,interruption,,
interruption,,interruption,,
interruptions,,,,
intimider,,,,
intimidé,,,,
intimidants,,,,
intimidant,,,,intimidant
intimidation,,intimidation,,
complexe,,,,
intrigues,,,,
invincible,,,,
inviter,,,,inviter
invitant,,,,invitant
invulnérable,,,,
irate,irate,,,
ironique,,,,
ironie,,ironie,,
irrationnel,,irrationnel,,
irrésistible,,,,
irrésolue,,,,
irresponsable,,,,
irréversible,,,,
irritant,,,,irritant
irrité,,,,irrité
irritant,,,,irritant
isolé,,,,
démangeaisons,,,,
Abruti,,,,
"des types utilisés pour la fabrication de produits de la pêche, de la pêche, de la pêche, de la pêche, de la pêche, de la pêche, de la pêche, de la pêche, de la pêche, de la pêche, de la pêche, de la pêche, de la pêche, de la pêche, de la pêche, de la pêche, de la pêche, de la pêche, de la pêche, de la pêche, de la pêche, de la pêche, de la pêche, de la pêche, de la pêche, de la pêche, de la pêche, de la pêche, de la pêche, de la pêche, de la pêche, de la pêche",,,,"des types utilisés pour la fabrication de produits de la pêche, de la pêche, de la pêche, de la pêche, de la pêche, de la pêche, de la pêche, de la pêche, de la pêche, de la pêche, de la pêche, de la pêche, de la pêche, de la pêche, de la pêche, de la pêche, de la pêche, de la pêche, de la pêche, de la pêche, de la pêche, de la pêche, de la pêche, de la pêche, de la pêche, de la pêche, de la pêche, de la pêche, de la pêche, de la pêche, de la pêche, de la pêche"
emprisonnés,,,,emprisonnés
jaunty,,,,
jaloux,,,,
mise en péril,,,,
Imbécile,Imbécile,,,
Jésus,Jésus,,,
Bijoux,Bijoux,,,
bijoux,,,,
joculaire,,,,
joignez-vous,,,,joignez-vous
blague,,,,
blagues,,,,
"Joly, c'est tout.","Joly, c'est tout.",,,
jovial,,,,
joie,,joie,,
joyeux,,,,
joyeusement,,,,
Sans joie,,,,
joyeux,,,,
jubilaire,,,,
ruisselant,,,,ruisselant
justice,,justice,,
À juste titre,,,,
justifiés,,,,justifiés
Intéressant,,,,
tuer,,,,tuer
tué,,,,tué
Tuer,,,,
tue,,,,tue
genre,,genre,,
plus gentils,,,,
baiser,,,,baiser
kudos,kudos,,,
manque,,,,manque
manque d'adaptabilité,,,,manque d'adaptabilité
décalage,,décalage,,
largué,,,,largué
retard,,retard,,
décalages,,,,
boiteux,,,,
point de repère,,,,
rire,,rire,,
riant,,,,riant
rire,,rire,,
rire,,rire,,
rire,,rire,,
lancé,,,,lancé
Loi sur l'accès à l'information et l'accès à l'information,,,,Loi sur l'accès à l'information et l'accès à l'information
poursuite en justice,,,,
poursuite en justice,,,,
Paresseux,,,,
fuite,,fuite,,
fuite,,fuite,,
congé,,congé,,
juridique,,,,
juridique,,,,
clément,,,,
léthargique,,,,
léthargie,,léthargie,,
menteur,,menteur,,
menteurs,,,,
libéléreux,,,,
J'ai menti.,,,,J'ai menti.
sauveteur de vie,,,,
avec un cœur léger,,,,
comme,,,,
aimé,,,,aimé
aime,,,,aime
limitation,,limitation,,
limitée,,,,
limites,,,,
Contentieux,,,,
Litiges,,,,
vif,,,,
livides,,,,
Lmao,,,,
Lmfao,,,,
Défaut d'être,,,,
n'ayant pas été pris en considération,,,,n'ayant pas été pris en considération
Pâtes alimentaires,,,,
le désolation,,,,
hall d'entrée,,,,
l'exercice d'activités de lobbying,,,,
Lol,Lol,,,
solitaire,,,,
solitaire,,,,
Aspiration,,,,
métiers à tisser,,,,métiers à tisser
à l'horizon,,,,
qui se profilent,,,,qui se profilent
métiers à tisser,,,,métiers à tisser
lâche,,,,lâche
lâches,,,,
loser,,,,loser
perdre,,,,perdre
perte,,perte,,
perdu,,,,perdu
Agréable,,,,
amour,,amour,,
aimé,,,,aimé
amours,,,,
Magnifique.,,,,
affectueux,,,,
le plus bas,,,,
loyal,,,,
fidélisation,,,,
chance,,chance,,
Heureusement,,,,
chanceux,,,,
lugubres,,,,
lunatique,,,,
lunatiques,,,,
C'est pas vrai.,,,,
En train de rôder,,,,
Cerfs,,,,
fou,,,,
foudroyant,,,,
confectionnés,,,,confectionnés
follement,,,,
folie,,folie,,
obligatoire,,,,
manipulés,,,,manipulés
manipulant,,,,manipulant
manipulation,,manipulation,,
Merveilleux,,,,
merveilleux,,,,
merveilles,,,,
chef-d'œuvre,,chef-d'œuvre,,
chefs-d'œuvre,,,,
matière,,matière,,
Questions d ' ordre général,,,,
maturité,,maturité,,
significatif,,,,
sans signification,,,,
Médaille,,Médaille,,
médiocrité,,médiocrité,,
méditative,,,,
mélancolie,,mélancolie,,
menace,,,,menace
Menacés,,,,Menacés
la miséricorde,,,,
joyeux,,,,
C'est le désordre.,,,,
merdique,,,,
C'est la merde.,,,,
méthode,,méthode,,
Sans esprit,,,,
miracle,,miracle,,
mirth,,,,
mirthful,,,,
Avec ironie,,,,
Mauvais comportement,,,,
mauvaise conduite,,,,
Mauvais comportement,,,,
Mauvais comportement,,,,
le mal-fondé,,,,
malversations,,,,
malheureuse,,,,
la misère,,,,
se méfier,,,,se méfier
Mauvaise information,,,,
mal informé,,,,mal informé
mal interprété,,,,mal interprété
trompeur,,,,
Mauvaise lecture,,,,
Mauvaise déclaration,,,,
fausse représentation,,,,
Mademoiselle,Mademoiselle,,,
manqué,,,,manqué
manquant,,,,manquant
erreur,,erreur,,
erreur,,erreur,,
erreurs,,,,
erreur de prise,,,,
mécompréhension,,,,
Incompréhension,,,,
mécompréhension,,,,
mal compris,,,,
gémissements,,,,
gémissements,,,,
Les gémissements,,,,
les gémissements,,,,
s'il vous plaît.,,,,s'il vous plaît.
se moquait,,,,se moquait
se moquer,,,,se moquer
des moqueries,,,,
Mongering,,,,
monopoliser,,,,monopoliser
Monopolisé,,,,
monopolise,,,,monopolise
monopolisation,,monopolisation,,
d'humeur,,,,
mope,mope,,,
la morphologie,,,,
Imbécile,Imbécile,,,
Fils de pute,,,,
"c'est quoi, ce bordel ?",,,,"c'est quoi, ce bordel ?"
motiver,,,,motiver
motivé,,,,motivé
Motivation,,,,
motivation,,motivation,,
deuil,,deuil,,
deuil,,deuil,,
Deuil,Deuil,,,
deuil,,deuil,,
deuils,,,,deuils
Morpich,,,,
meurtre,,meurtre,,
meurtrier,,meurtrier,,
meurtre,,meurtre,,
meurtrière,,,,
meurtres,,,,
mythe,,mythe,,
n00b,,,,
naïf,,,,
C'est méchant.,,,,
naturel,,,,
naïf,,,,
dans le besoin,,,,
négatif,,,,
négativité,,,,
négligence,,négligence,,
négligé,,,,
négligence,,négligence,,
négligences,,,,
nerfs,,,,
nerveux,,,,
nerveux,,,,
Sympa.,Sympa.,,,
nifty,,,,
Niggas,,,,
Nègre,Nègre,,,
"Non, je ne suis pas d'accord.",,,,
pas de plaisir,,,,
noble,,,,
bruyant,,,,
Des absurdités,,,,
noob,,,,
naseux,,,,
pas bon,,,,
ne fonctionne pas,,,,ne fonctionne pas
notoire,,,,
roman,,roman,,
engourdissement,,engourdissement,,
noix,,noix,,
oblitère,,,,oblitère
oblitérés,,,,oblitérés
odieux,,,,
obscène,,obscène,,
obsédés,,,,obsédés
obsolète,,,,
obstacle,,obstacle,,
obstacles,,,,
obstiné,,,,
étrange,,,,
offense,,offense,,
offensé,,,,offensé
délinquant,,,,
pour infraction à la loi,,,,
offenses,,,,
hors ligne,,,,
C'est bon.,,,,
omineux,,,,
une fois dans une vie,,,,
Possibilités,,,,
occasion,,occasion,,
opprimés,,,,
oppressive,,,,
optimisme,,optimisme,,
optimiste,,,,
sans option,,,,
tollé,,tollé,,
outmanovered,,,,outmanovered
outrage,,outrage,,
outrés,,,,outrés
et de la sensibilisation,,,,
en suspens,,,,
surjoyé,,,,surjoyé
surcharge,,surcharge,,
oublié,,,,oublié
réaction excessive,,,,
surréaction,,,,
surréaction,,,,
des réactions excessives,,,,
survente,,,,survente
survente,,,,survente
surventes,,,,
sursimplification,,,,
sursimplifié,,,,
sursimplifie,sursimplifie,,,
sursimplifier,,,,
surestimation,,,,
surestimations,,,,
surpoids,,surpoids,,
oxymoron,,oxymoron,,
douleur,,douleur,,
douleur,,douleur,,
panique,,,,
paniqué,,,,paniqué
paniques,,,,
paradis,,,,
paradoxe,,paradoxe,,
pardon,,pardon,,
graciée,,,,graciée
grâce,,grâce,,
grâces,,,,
Parley,Parley,,,
passionné,,,,
passive,,,,
passivement,,,,
pathétique,,,,
salaire,,salaire,,
paix,,paix,,
pacifique,,,,
pacifiquement,,,,
Pénalité,,,,
sensuelle,,,,
parfait,,,,
perfectionné,,,,
parfaitement,,,,
parfaits,,,,
péril,,péril,,
parjure,,,,
auteur,,auteur,,
auteurs,,,,
perplexe,,,,
persécuter,,,,persécuter
persécutés,,,,
persécutés,,,,
Persécution,,,,
perturbés,,,,perturbés
Pousse-toi.,Pousse-toi.,,,
pessimisme,,pessimisme,,
pessimiste,,,,
pétrifié,,,,pétrifié
Phobique,,,,
pittoresque,,,,
empilement,,,,
pic,,pic,,
Piqué,,,,
pisse,,,,
en colère,,,,
Pleurer,,,,Pleurer
piteuse,,,,
piétinés,,,,piétinés
pitié,pitié,,,
ludique,,,,
agréable,,,,
S'il vous plaît.,,,,S'il vous plaît.
heureux,,,,
plaisir,,plaisir,,
poisé,,,,poisé
poison,,poison,,
empoisonnés,,,,empoisonnés
poisons,,,,
pollueur,,pollueur,,
pollués,,,,pollués
pollueur,,pollueur,,
pollueurs,,,,
Pollutes,Pollutes,,,
pauvres,,,,
pauvres,,,,
les plus pauvres,,,,
populaire,,,,
positif,,,,
positif,,,,
possessif,,,,
ajourner,,,,ajourner
reporté,,,,reporté
reports,,,,
Report de l ' exécution,,,,
pauvreté,,pauvreté,,
puissant,,,,
impuissants,,,,
éloges,,,,
loués,,,,loués
éloges,,,,
éloges,,,,
priez,priez,,,
prier,,,,prier
prie,,,,prie
"Pour l'application de l'article 2, paragraphe 1, point b), du règlement (UE) no 1308/2013, les États membres sont destinataires de la présente décision.","Pour l'application de l'article 2, paragraphe 1, point b), du règlement (UE) no 1308/2013, les États membres sont destinataires de la présente décision.",,,
"pour l'alimentation humaine ou animale, à l'exclusion des produits à base de fruits et légumes, à l'exclusion des produits à base de fruits et légumes, à l'exclusion des produits à base de fruits et légumes, à l'exclusion des produits à base de fruits et légumes, à l'exclusion des produits à base de fruits et légumes, à l'exclusion des produits à base de fruits et légumes, à l'exclusion des produits à base de fruits et légumes, à l'exclusion des produits à base de fruits et légumes, à l'exclusion des produits à base de fruits et légumes, à l'exclusion des produits à base de fruits et légumes, à l'exclusion des produits à base de fruits et légumes, à l'exclusion des produits à base de fruits et légumes, à l'exclusion des produits à base de fruits et légumes, à l'exclusion des produits à base de fruits et légumes, à l'exclusion des produits à base de fruits et légumes, à l'exclusion des produits à base de fruits et légumes, à l'exclusion des produits à base de fruits et légumes, à l'exclusion des produits à base de fruits et légumes",,,,
préparé,,,,préparé
pression,,pression,,
sous pression,,,,
Fais semblant.,,,,Fais semblant.
faire semblant,,,,faire semblant
prétend,,,,prétend
joli,,,,
prévenir,,,,prévenir
évité,,,,évité
prévenir,,,,prévenir
prévient,,,,prévient
"C'est quoi, ça ?",,,,"C'est quoi, ça ?"
prison,,prison,,
prisonnier,,prisonnier,,
prisonniers,,,,
privilégié,,,,
proactif,,,,
problème,,problème,,
problèmes,,problèmes,,
profiteur,,profiteur,,
progrès accomplis,,,,progrès accomplis
Élevé,,,,
promesse,,promesse,,
promis,,,,promis
promesses,,,,
promouvoir,,,,promouvoir
promus,,,,promus
favorise,,,,favorise
promouvoir,,,,promouvoir
propagande,,propagande,,
poursuivre,,,,poursuivre
poursuivis,,,,poursuivis
poursuites,,,,
poursuite,,poursuite,,
perspective,,perspective,,
perspectives,,,,
prospère,,,,
protéger,,,,protéger
protégé,,,,protégé
protège,,,,protège
protestation,,protestation,,
manifestants,,,,
des protestations,,,,
manifestations,,,,
fier,,,,
fièrement,,,,
provoquer,,,,provoquer
provoqués,,,,provoqués
provoque,,,,provoque
Provoquer,,,,Provoquer
pseudoscience,,,,
punir,,,,punir
puni,,,,
punit,,,,punit
punitif,,,,
Poussé,,,,Poussé
puzzled,,,,
tremblement,,tremblement,,
douteux,,,,
questionné,,,,questionné
questionnement,,,,
racisme,,racisme,,
raciste,,,,
racistes,,,,
rage,rage,,,
furieuse,,,,
pluvieux,,,,
C'est vrai.,,,,C'est vrai.
Courbure,,,,
Les rainures,,,,
Ce n'est pas le cas.,,,,
viol,,viol,,
violeur,,violeur,,
rapt,,rapt,,
rapturée,,,,
enlèvements,,,,
raptures,,,,
éruption cutanée,,,,
ratifiés,,,,ratifiés
portée,,,,portée
atteint,,,,atteint
atteint,,,,atteint
atteindre,,,,atteindre
rassurez-vous,,,,rassurez-vous
rassuré,,,,rassuré
rassure,,,,rassure
rassurant,,,,
rébellion,,rébellion,,
récession,,récession,,
imprudent,,,,
recommander,,,,recommander
recommandé,,,,recommandé
recommande,,,,recommande
rachetés,,,,rachetés
déchets,,déchets,,
refusé,,,,refusé
refus,,refus,,
regret,,regret,,
regrettant,,,,regrettant
regrette,,,,regrette
regrettant,,,,regrettant
regrettant,,,,regrettant
rejeter,,,,rejeter
rejeté,,,,rejeté
rejet,,rejet,,
rejette,,,,rejette
réjouissez-vous,,,,réjouissez-vous
se réjouissait,,,,se réjouissait
se réjouit,,,,se réjouit
se réjouissant,,,,se réjouissant
Détendez-vous,Détendez-vous,,,
implacable,,,,
d ' une capacité d ' accueil,,,,
soulager,,,,soulager
soulagé,,,,soulagé
soulage,,,,soulage
Soulagement,,,,
l'appréciation,,,,
remarquable,,,,
remords,,remords,,
Répulsion,,,,
repoussés,,,,repoussés
sauvetage,,sauvetage,,
secourus,,,,secourus
sauvetages,,,,
le ressentiment,,,,
démissionner,,,,démissionner
démissionnaire,,,,
démission,,démission,,
démissionne,,,,démissionne
Résolu,Résolu,,,
résoudre,,,,résoudre
résolu,,,,résolu
résout,,,,résout
résolution,,résolution,,
respecté,,,,respecté
responsable,,responsable,,
réactif,,,,
reposée,,,,reposée
agité,,,,agité
restaurer,,,,restaurer
restauré,,,,restauré
restaure,,,,restaure
restauration,,restauration,,
restreindre,,,,restreindre
limité,,,,
restreignant,,,,restreignant
Restriction,,,,
Limitations,,,,
laissé en place,,,,laissé en place
retard,,retard,,
retardés,,,,
Retraite,,,,
revanche,,revanche,,
se venger,,,,se venger
vénérés,,,,vénérés
Réveillez-vous,,,,
Rénove,,,,
récompense,,récompense,,
récompensé,,,,récompensé
gratifiant,,,,gratifiant
Récompenses,,,,
riches,,,,
ridicule,,,,
système d'alimentation,,,,
truqué,,,,truqué
direction droite,,,,
rigoureux,,,,
rigoureusement,,,,
émeute,,émeute,,
émeutes,,,,
risque,,risque,,
risques,,,,
Vol,,,,
voleur,,voleur,,
volés,,,,volés
Vols,,,,
Vols,,,,
robuste,,,,
pour les véhicules à moteur à moteur à allumage par compression,,,,
roflcopter,,,,
Roflmao,,,,
romance,,,,
pourriture,,,,
pourritifao,,,,
pourritrol,,,,
ruine,,ruine,,
ruiné,,,,ruiné
ruiner,,,,ruiner
ruines,,,,
sabotage,,sabotage,,
triste,,,,
tristement triste,,,,
attristés,,,,attristés
tristement,,,,
sans danger,,,,
En toute sécurité,,,,
sécurité,,sécurité,,
saillant,,,,
C'est de l'ivraie.,,,,
sarcastique,,,,
satisfait/ satisfait/ satisfait/ satisfait/ satisfait/ satisfait/ satisfait/ satisfait/ satisfait/ satisfait/ satisfait/ satisfait/ satisfait/ satisfait/ satisfait/ satisfait/ satisfait/ satisfait/ satisfait/ satisfait/ satisfait/ satisfait/ satisfait/ satisfait/ satisfait/ satisfait/ satisfait/ satisfait/ satisfait/ satisfait/ satisfait/ satisfait/ satisfait/ satisfait/ satisfait/ satisfait/,satisfait/ satisfait/ satisfait/ satisfait/ satisfait/ satisfait/ satisfait/ satisfait/ satisfait/ satisfait/ satisfait/ satisfait/ satisfait/ satisfait/ satisfait/ satisfait/ satisfait/ satisfait/ satisfait/ satisfait/ satisfait/ satisfait/ satisfait/ satisfait/ satisfait/ satisfait/ satisfait/ satisfait/ satisfait/ satisfait/ satisfait/ satisfait/ satisfait/ satisfait/ satisfait/ satisfait/,,,
Enregistrer,,,,Enregistrer
sauvé,,,,sauvé
Escroquerie,,,,
escroqueries,,,,
scandale,,scandale,,
scandaleux,,,,
scandales,,,,
bouc émissaire,,,,
boucs émissaires,,,,
Frayeur,,,,
peur,,peur,,
effrayant,,,,
sceptique,,,,
gronder,,,,gronder
scoop,,,,
le dédain,,,,
méprisant,,,,
Crie,,,,
hurlé,,,,hurlé
Des cris,,,,
cris,,,,
vissé,,,,vissé
J'ai foiré.,,,,
Casse-culotte,,,,
Sécurisation,,,,
sécurisés,,,,
sécurise,,,,sécurise
sédition,,sédition,,
séditieux,,,,
séduits,,,,séduits
confiance en soi,,,,
s'auto-effacer,,,,s'auto-effacer
égoïste,,,,
égoïsme,,égoïsme,,
phrase,,phrase,,
condamné,,,,condamné
phrases,,,,
détermination de la peine,,,,
sereine,,,,
sévère,,,,
sexy,,,,
Shaky,Shaky,,,
honte,,honte,,
honteux,,,,
honteux,,,,
Part,Part,,,
partagé,,,,partagé
actions,,,,
brisé,,,,brisé
C'est de la merde.,,,,
C'est de la merde.,,,,
C'est de la merde.,,,,
choc,,choc,,
choqué,,,,choqué
stupéfiant,,,,
chocs,,,,
prise de vue,,,,
à courte vue,,,,
myopie,,myopie,,
pénurie,,pénurie,,
pénuries,,,,
museau,,museau,,
timide,,,,
malade,,,,
soupir,,soupir,,
signification,,signification,,
significatif,,,,
silencieux,,,,
Imbécile,Imbécile,,,
sincère,,,,
"Je vous prie d'agréer, Monsieur le Président, l'expression de mes sentiments les plus sincères.",,,,"Je vous prie d'agréer, Monsieur le Président, l'expression de mes sentiments les plus sincères."
Sincerest,,,,
sincérité,,sincérité,,
pécheur,,pécheur,,
un seul et même esprit,,,,
sceptique,,,,
sceptique,,,,
scepticisme,,scepticisme,,
les sceptiques,,,,
slam,,,,
Slash,Slash,,,
cliquetis,,,,
Slashes,Slashes,,,
Soufflures,,,,
l ' esclavage,,,,
Insomnie,,Insomnie,,
Lécher,,,,Lécher
slicker,,,,
C'est le plus léché.,,,,
paresseux,,,,
salope,,salope,,
Intelligent,,,,
Plus intelligent,,,,
C'est le plus intelligent.,,,,
frotter,,,,frotter
sourire,,,,sourire
souriant,,,,souriant
sourires,,,,
souriant,,,,souriant
smog,,smog,,
Sournois,,,,
snub,,,,
brouillés,,,,brouillés
à frotter,,,,à frotter
les snubs,,,,
soûler,,,,
solennel,,,,
solide,,,,
solidarité,,solidarité,,
solution,,solution,,
solutions,,solutions,,
résoudre,,,,résoudre
résolu,,,,résolu
résout,,,,résout
résolution,,résolution,,
sombre,,,,
d'une sorte,,,,
Fils de pute,,,,
Soulagez-vous.,Soulagez-vous.,,,
apaisé,,,,
Apaisant,,,,Apaisant
sophistiqué,,,,
endolorissement,,,,
douleur,,douleur,,
affligeant,,,,affligeant
Désolé.,,,,
Spam,,,,
Spammeur,,,,
les spammeurs,,,,
pourriels,,,,
étincelle,,étincelle,,
étincelant,,,,étincelant
étincelants,,,,
étincelant,,,,étincelant
spéculatif,,,,
esprit,,esprit,,
esprité,,,,
Sans esprit,,,,
Malheur à moi.,,,,
Magnifique,,,,
épouvantable,,,,
Séculièrement,,,,
coup de couteau,,,,
poignardé,,,,poignardé
stable,,,,
coups de couteau,,,,
Décrochage,,,,
calmé,,,,calmé
calage,,,,
endurance,,endurance,,
estampe,,,,
stupéfié,,,,stupéfié
Meurtre de faim,,,,
affamés,,,,
Meurtres de faim,,,,
mourir de faim,,,,mourir de faim
Résistant,,,,
Voler,,,,Voler
Vols,,,,
stéréotype,,stéréotype,,
stéréotypé,,,,
étouffé,,,,étouffé
stimuler,,,,stimuler
stimulé,,,,stimulé
stimule,,,,stimule
stimulant,,,,stimulant
- C'est pas vrai.,,,,
volé,,,,volé
Arrêter,,,,Arrêter
arrêté,,,arrêté,
arrêt,,arrêt,,
stops,,,,
Découpe,,,,
droit,,droit,,
étrange,,,,
étrangement,,,,
étranglé,,,,
force,,force,,
renforcer,,,,renforcer
renforcée,,,,renforcée
renforcement,,renforcement,,
renforce,,,,
souligné,,,,souligné
stresseur,,,,
les facteurs de stress,,,,
Atteints,,,,Atteints
grève,,grève,,
grévistes,,,,
grèves,,,,
Forte,,,,
plus fort,,,,
plus fort,,,,
frappé,,,,frappé
lutte,,lutte,,
lutté,,,,lutté
luttes,,,,
lutte,,lutte,,
Têtu,Têtu,,,
coincé,,,,
stupéfié,,,,stupéfié
étourdissant,,,,étourdissant
stupide,,,,
stupidement,,,,
Suave,Suave,,,
substantielles,,,,
substantiellement,,,,
subversive,,,,
succès,,succès,,
succès,,succès,,
Nourriture,,,,
C'est nul.,,,,
souffrir,,,,souffrir
la souffrance,,,,
souffre,,,,souffre
suicidaire,,,,
suicide,,suicide,,
poursuite en justice,,,,
Faire bouillir,,,,Faire bouillir
Sourcils,,,,
sullen,,,,
soleil,,,,
super,,,,
superbe,,,,
supérieur,,supérieur,,
Appui,,,,
soutenu,,,,soutenu
l'appui à l'entreprise,,,,
sympathisants,,,,
soutien,,soutien,,
Soutien,,,,
soutiens,,,,
Survivre,Survivre,,,
survivant,,,,survivant
survivant,,,,survivant
suspect,,,,
suspectés,,,,suspectés
suspecté,,,,suspecté
suspects,,,,
suspendre,,,,suspendre
suspendue,,,,suspendue
suspect,,,,
Je vous jure,,,,Je vous jure
prêter serment,,,,prêter serment
jure,,,,jure
C'est mignon.,,,,
rapide,,,,
rapidement,,,,
escroquerie,,escroquerie,,
escroqueries,,,,
escroquerie,,escroquerie,,
sympathique,,,,
sympathie,,sympathie,,
Tard,,,,
larmes,,,,
Appel d'offres,,,,
tendue,,,,
tension,,tension,,
terrible,,,,
terriblement,,,,
Fantastique,,,,
terrifié,,,,terrifié
terreur,,terreur,,
terroriser,,,,terroriser
terrorisé,,,,terrorisé
terrorise,,,,terrorise
Merci beaucoup.,,,,
reconnaissant,,,,reconnaissant
Merci beaucoup.,,,,
épineuse,,,,
C'est gentil.,,,,
irréfléchi,,,,
menace,,,,menace
menace,,,,menace
Menacés,,,,Menacés
menaçant,,,,menaçant
menace,,,,menace
menaces,,,,
ravie,,,,
déjouer,,,,déjouer
déjoué,,,,déjoué
déjouer,,,,déjouer
déjoue,,,,déjoue
timidité,,timidité,,
timoreux,,,,
fatigué,,,,
seins,,,,
Tolérance,,,,
sans dents,,,,
haut,,,,
haut de la page,,,,
déchiré,,,,déchiré
torture,,torture,,
torturés,,,,
tortures,,,,
tortionnement,,,,
totalitaire,,,,
totalitarisme,,totalitarisme,,
tout,,,,
d'une teneur en poids de matières grasses égale ou supérieure à 5 % en poids,,,,
le toutage,,,,
touts,,,,
tragédie,,tragédie,,
tragique,,,,
tranquille,,,,
piège,,piège,,
Pris au piège,,,,Pris au piège
Traumatisme,,,,
traumatique,,,,
paresseux,,,,
trahison,,trahison,,
trahison,,trahison,,
Trésor,Trésor,,,
trésors,,,,
tremblant,,,,tremblant
tremblante,,,,
piégeant,,,,piégeant
La ruse,,,,
triomphe,,triomphe,,
triomphant,,,,
Problèmes,,,,
trouble,,,,
problèmes,,problèmes,,
vrai,,,,
confiance,,confiance,,
confiance,,confiance,,
tumeur,,tumeur,,
Twat,,,,
Laid,Laid,,,
inacceptable,,,,
non appréciés,,,,non appréciés
non approuvé,,,,non approuvé
ignorant,,,,ignorant
incroyable,,,,
incrédule,,,,
sans partialité,,,,
incertain,,,,
peu clair,,,,
inconfortable,,,,
non concernés,,,,non concernés
non confirmé,,,,non confirmé
non convaincu,,,,non convaincu
non crédités,,,,non crédités
indécis,,,,
sous-estimation,,sous-estimation,,
sous-estimé,,,,sous-estimé
sous-estimations,sous-estimations,,,
sous-estimation,,sous-estimation,,
saper,,,,saper
miné,,,,miné
s'affaiblit,,,,s'affaiblit
saper,,,,saper
non-déservant,,,,non-déservant
indésirables,,,,
mal à l'aise,,,,
chômage,,chômage,,
inégal,,,,
inégalé,,,,
contraire à l'éthique,,,,
injuste,,,,
non focalisé,,,,non focalisé
non remplie,,,,non remplie
malheureuse,,,,
malsain,,,,
unifié,,,,unifié
non impressionnée,,,,non impressionnée
un manque d'intelligence,,,,
unis,,,,
injuste,,,,
non-aimable,,,,
non-aimés,,,,
non appariés,,,,non appariés
sans motivation,,,,
non professionnelle,,,,
non étudiés,,,,non étudiés
Insatisfait,Insatisfait,,,
non sécurisé,,,,non sécurisé
non réglées,,,,non réglées
non sophistiquée,,,,
instable,,,,
impossible à arrêter,,,,impossible à arrêter
non pris en charge,,,,non pris en charge
n'est pas sûr,,,,
non ternes,,,,
indésirables,,,,
indigne,,,,
bouleversée,,,,bouleversée
les troubles,,,,
la perturbation,,,,
étanche à l'eau,,,,
urgent,,,,
utile,,,,
utilité,,utilité,,
inutile,,,,
perte d'emploi,,,,
vague,,vague,,
valider,,,,valider
validée,,,,validée
valide,,,,
Validation,,,,
verdict,,verdict,,
verdicts,,,,
Dont,,,,
vexation,,,,
Vexation,,,,
vibrant,,,,
vicieuse,,,,
victime,,,,
victimiser,,,,victimiser
victimisés,,,,victimisés
victimisations,,,,
victimisation,,,,
victimes,,,,
vigilante,,,,
vile,,,,
vindicatif,,,,
qui ont fait l'objet d'une justification,,,,qui ont fait l'objet d'une justification
les médicaments à usage humain,,,,
vindicatif,,,,
viole,viole,,,
violée,,,,violée
viole,viole,,,
violant,,,,violant
la violence,,,,
violente,,,,
vertueux,,,,
virulent,,,,
vision,,vision,,
visionnaire,,,,
visionnement,,,,
visions,,,,
vitalité,,vitalité,,
vitamine,,vitamine,,
vitriolique,,,,
vivace,,,,
vocifères,,,,
vulnérabilité,,vulnérabilité,,
vulnérables,,,,
Déplacement à pied,,,,
randonnées pédestres,,,,
Branleur,,,,
Je veux,,,,Je veux
guerre,,guerre,,
guerre,,guerre,,
chaud,,,,
chaleur,,chaleur,,
Avertissement,Avertissement,,,
mis en garde,,,,mis en garde
avertissement,,avertissement,,
avertissements,,,,
avertit,,,,avertit
déchets,,déchets,,
gaspillé,,,,gaspillé
gaspiller,,,,gaspiller
oscillation,,oscillation,,
faible,,,,
faiblesse,,faiblesse,,
richesse,,richesse,,
riches,,,,
Lassaires,,,,
pleurer,,,,pleurer
pleurs,,,,
bizarre,,,,
bienvenue,,,,bienvenue
accueillis avec satisfaction,,,,accueillis avec satisfaction
accueille favorablement,,,,accueille favorablement
fantaisiste,,,,
Blanchisserie,Blanchisserie,,,
pute,,,,
mauvais,,,,
veuves,,,,
Volonté,Volonté,,,
gagner,,,,gagner
gagnant,,,,gagnant
gagnant,,,,gagnant
gagne,,,,gagne
gagnant,,,,gagnant
Souhaits,,,,
vœux,,,,
souhaitant,,,,souhaitant
retrait,,retrait,,
weebegone,,,,
malheureuse,,,,
gagné,,,,gagné
merveilleux,,,,
woo,woo,,,
Woohoo,,,,
wooo,,,,
wow,,,,
portée,,,,portée
inquiets,,,,
Inquiète-toi.,Inquiète-toi.,,,
Préoccupés,Préoccupés,,,
pire,,,,
empirer,,,,empirer
empiré,,,,empiré
aggravation,,aggravation,,
aggrave,,,,aggrave
Adorés,,,,
le pire,,,,
d ' une valeur,,,,
sans valeur,,,,
digne d'être,,,,
Wow,Wow,,,
"Wowow, c'est-à-dire",,,,
wowww,,,,
courroucé,,courroucé,,
épave,,épave,,
faux,,,,
lésés,,,,lésés
wtf,,,,
Oui.,,,,
Année,,,,
yeeeseeeeeeeeeeeeeeeeeeeeeeeeeeeeeeeeeeeeeeeeeeeeeeeeeeeeeeeeeeeeeeeeeeeeeeeeeeeeeeeeeeeeeeeeeeeeeeeeeeeeeeeeeeeeeeeeeeeeeeeeeeeeeeeeeeeeeeeeeeeeeeeeeeeeeeeeeeeeeeeeeeeeeeeeeeeeeeeeeee,,,,
oui,,,,
jeunes,,,,
C'est pas vrai.,,,,
Nom d'un chien,,,,
zéléot,,,,
zélotes,,,,
zélé,,,,
